symbol,timestamp,open,high,low,close,volume
SPY,2024-01-02,469.71,470.00,467.61,469.33,64991180
QQQ,2024-01-02,399.53,399.63,386.31,386.51,61635586
IWM,2024-01-02,200.11,202.87,199.90,202.16,24206872
TLT,2024-01-02,95.15,95.28,94.08,94.11,13176870
GLD,2024-01-02,189.88,191.89,189.64,191.55,5692185
SPY,2024-01-03,464.90,466.09,461.48,463.27,94016195
QQQ,2024-01-03,383.96,395.14,381.91,391.24,56896141
IWM,2024-01-03,202.78,203.10,202.37,202.88,38349444
TLT,2024-01-03,93.91,93.95,93.39,93.55,15197244
GLD,2024-01-03,191.95,192.70,190.37,190.64,9337307
SPY,2024-01-04,463.11,472.60,460.22,471.34,81876929
QQQ,2024-01-04,390.58,391.09,385.94,386.35,73214085
IWM,2024-01-04,202.29,206.83,200.84,204.96,29691001
TLT,2024-01-04,93.34,93.81,93.03,93.76,9402051
GLD,2024-01-04,190.86,191.19,189.71,189.73,8737581
SPY,2024-01-05,471.80,474.09,470.19,472.28,86096754
QQQ,2024-01-05,386.29,395.30,385.92,395.00,47232100
IWM,2024-01-05,204.81,206.10,199.40,200.14,39822187
TLT,2024-01-05,93.96,94.00,91.13,91.56,14296797
GLD,2024-01-05,189.51,194.14,189.19,193.18,7417197
SPY,2024-01-08,470.17,473.04,470.15,472.97,78574318
QQQ,2024-01-08,397.91,401.86,396.01,396.38,53231456
IWM,2024-01-08,198.52,205.94,198.51,205.79,35793978
TLT,2024-01-08,91.22,91.24,90.01,90.03,16848641
GLD,2024-01-08,193.35,193.39,191.85,192.18,6024923
SPY,2024-01-09,471.07,491.14,470.08,490.27,87866533
QQQ,2024-01-09,398.80,398.89,391.04,391.50,45100289
IWM,2024-01-09,206.03,206.43,203.96,204.11,45379380
TLT,2024-01-09,90.17,90.57,89.98,90.17,12940215
GLD,2024-01-09,192.63,192.79,188.90,189.17,8829149
SPY,2024-01-10,487.65,491.42,486.11,489.26,63065447
QQQ,2024-01-10,392.35,404.81,391.42,403.48,53808900
IWM,2024-01-10,206.33,206.99,203.39,204.18,60301982
TLT,2024-01-10,90.77,91.42,90.65,91.27,10821965
GLD,2024-01-10,189.20,189.56,187.91,188.05,9250751
SPY,2024-01-11,487.49,489.62,480.57,488.98,66084333
QQQ,2024-01-11,402.29,403.08,390.15,392.75,39014858
IWM,2024-01-11,205.39,205.94,200.02,202.29,34754639
TLT,2024-01-11,91.85,92.63,91.71,92.57,11204173
GLD,2024-01-11,188.34,188.45,186.74,187.00,6755549
SPY,2024-01-12,490.11,491.11,481.91,482.34,77508758
QQQ,2024-01-12,391.90,393.11,386.67,387.76,65273357
IWM,2024-01-12,202.76,206.15,202.75,205.57,36260896
TLT,2024-01-12,92.99,93.86,92.83,93.31,13028007
GLD,2024-01-12,186.32,189.14,186.26,188.37,10945683
SPY,2024-01-16,480.21,485.33,479.84,483.01,85920863
QQQ,2024-01-16,389.42,396.49,388.11,394.81,54076781
IWM,2024-01-16,203.43,210.20,203.28,210.10,32464139
TLT,2024-01-16,93.41,93.43,92.55,92.67,11703847
GLD,2024-01-16,188.31,191.24,187.39,191.21,9509558
SPY,2024-01-17,481.77,490.27,481.13,489.15,89562844
QQQ,2024-01-17,396.02,404.96,394.37,399.31,45925881
IWM,2024-01-17,210.57,211.52,209.32,210.17,32054680
TLT,2024-01-17,93.17,93.97,92.02,92.33,7400903
GLD,2024-01-17,191.34,194.64,191.06,194.04,9917753
SPY,2024-01-18,489.34,489.84,479.74,481.22,57227417
QQQ,2024-01-18,403.22,404.34,398.61,401.71,50307070
IWM,2024-01-18,209.22,211.91,208.79,210.96,33830251
TLT,2024-01-18,92.11,93.05,91.55,91.77,16767594
GLD,2024-01-18,194.44,197.22,194.22,197.17,9075814
SPY,2024-01-19,479.73,482.44,479.60,480.69,69124399
QQQ,2024-01-19,406.65,406.71,395.42,399.26,46185464
IWM,2024-01-19,209.45,211.77,208.98,210.77,32066008
TLT,2024-01-19,91.72,92.79,91.59,92.49,14290424
GLD,2024-01-19,197.43,197.93,195.75,196.02,6476595
SPY,2024-01-22,480.00,482.10,468.21,469.66,80033560
QQQ,2024-01-22,400.47,402.89,390.28,390.82,52559829
IWM,2024-01-22,210.94,215.38,209.47,214.55,39280082
TLT,2024-01-22,92.30,92.31,91.43,91.96,12253767
GLD,2024-01-22,196.04,197.44,196.00,197.24,7496012
SPY,2024-01-23,470.88,471.22,461.99,462.97,80883338
QQQ,2024-01-23,390.84,402.34,390.29,401.21,56532058
IWM,2024-01-23,216.87,219.19,216.64,218.50,39477712
TLT,2024-01-23,91.55,92.44,90.46,91.16,8683755
GLD,2024-01-23,196.78,200.37,196.74,199.20,4740277
SPY,2024-01-24,461.70,461.94,459.55,459.60,102795041
QQQ,2024-01-24,398.59,402.34,397.68,402.20,48227344
IWM,2024-01-24,217.94,221.37,217.81,221.28,45697268
TLT,2024-01-24,91.06,91.31,91.00,91.10,12671266
GLD,2024-01-24,198.48,201.64,197.68,201.06,5864846
SPY,2024-01-25,459.72,459.77,456.96,459.30,95965704
QQQ,2024-01-25,399.37,401.15,399.03,400.14,56918500
IWM,2024-01-25,221.38,221.70,219.87,220.55,38997774
TLT,2024-01-25,91.05,92.02,90.92,92.00,13911390
GLD,2024-01-25,201.19,203.76,201.17,203.68,7199863
SPY,2024-01-26,459.41,463.18,459.39,462.05,49785353
QQQ,2024-01-26,401.03,403.95,399.48,400.22,41484155
IWM,2024-01-26,219.52,226.58,218.68,224.76,33546697
TLT,2024-01-26,92.02,92.63,91.88,92.56,12744024
GLD,2024-01-26,204.05,207.33,204.04,206.52,7210892
SPY,2024-01-29,458.15,468.86,458.05,468.24,62229690
QQQ,2024-01-29,400.03,400.65,383.22,384.04,36918000
IWM,2024-01-29,225.86,230.38,225.43,229.79,47166745
TLT,2024-01-29,92.31,92.50,92.13,92.42,11917893
GLD,2024-01-29,205.68,208.94,205.60,208.61,9190400
SPY,2024-01-30,467.80,471.32,460.32,460.63,108845703
QQQ,2024-01-30,383.48,383.64,375.13,376.44,61242163
IWM,2024-01-30,230.39,230.61,223.71,224.29,37113634
TLT,2024-01-30,92.47,92.57,92.06,92.29,12648085
GLD,2024-01-30,208.47,209.05,205.20,207.04,8248034
SPY,2024-01-31,461.99,468.46,459.70,468.34,68689743
QQQ,2024-01-31,377.64,378.62,369.54,370.31,42014830
IWM,2024-01-31,223.69,225.16,220.08,220.82,29698864
TLT,2024-01-31,92.28,93.66,92.25,93.57,13133162
GLD,2024-01-31,206.82,206.89,203.70,204.02,7302761
SPY,2024-02-01,468.18,468.87,452.90,453.28,90794197
QQQ,2024-02-01,370.61,371.68,365.57,370.90,35398665
IWM,2024-02-01,221.65,222.06,218.65,219.09,28441186
TLT,2024-02-01,93.63,93.95,92.50,92.61,7583696
GLD,2024-02-01,204.71,204.99,204.32,204.56,8300605
SPY,2024-02-02,452.74,455.76,446.36,449.14,57783381
QQQ,2024-02-02,368.73,368.90,361.62,363.70,56985699
IWM,2024-02-02,219.03,223.55,217.87,222.14,39521022
TLT,2024-02-02,92.52,92.60,92.40,92.43,12841545
GLD,2024-02-02,204.57,206.74,204.17,206.63,7333917
SPY,2024-02-05,447.73,450.55,440.74,441.18,58218811
QQQ,2024-02-05,359.82,361.98,355.11,355.73,65705551
IWM,2024-02-05,222.60,222.90,218.58,218.58,25915674
TLT,2024-02-05,92.57,92.80,91.63,92.34,9199480
GLD,2024-02-05,207.21,207.27,206.61,206.69,9091413
SPY,2024-02-06,443.39,457.32,441.01,452.68,103899442
QQQ,2024-02-06,358.86,359.36,354.10,355.81,52675871
IWM,2024-02-06,218.25,221.38,217.33,220.56,40438746
TLT,2024-02-06,92.08,93.17,91.94,92.84,15237337
GLD,2024-02-06,207.99,208.74,205.44,205.68,7442385
SPY,2024-02-07,451.07,458.87,447.55,457.23,78252793
QQQ,2024-02-07,355.29,356.36,348.27,349.54,38084686
IWM,2024-02-07,218.25,218.65,215.59,216.40,39107980
TLT,2024-02-07,93.35,94.68,93.18,94.67,9111440
GLD,2024-02-07,206.91,206.93,204.90,205.01,8191862
SPY,2024-02-08,455.55,462.08,455.46,460.55,102750691
QQQ,2024-02-08,347.78,348.11,333.33,334.46,44383131
IWM,2024-02-08,214.98,221.66,214.30,221.49,42632923
TLT,2024-02-08,94.62,94.92,93.10,94.24,7397256
GLD,2024-02-08,205.03,205.40,203.48,204.03,6301481
SPY,2024-02-09,461.51,463.14,458.30,459.04,74912130
QQQ,2024-02-09,333.93,335.94,330.14,334.85,38860255
IWM,2024-02-09,222.72,225.18,221.13,224.99,36906111
TLT,2024-02-09,93.94,94.36,92.50,92.67,8297262
GLD,2024-02-09,203.85,205.08,202.71,204.87,8804261
SPY,2024-02-12,461.20,463.26,451.94,454.71,89922509
QQQ,2024-02-12,334.25,336.26,330.16,330.39,48056770
IWM,2024-02-12,225.63,232.25,225.58,229.68,32083502
TLT,2024-02-12,92.88,93.11,92.64,92.86,7128768
GLD,2024-02-12,205.15,208.23,205.01,208.09,5972414
SPY,2024-02-13,455.03,455.76,451.52,453.48,63861831
QQQ,2024-02-13,334.32,334.95,331.09,331.25,49954016
IWM,2024-02-13,231.03,232.25,229.43,230.25,41329516
TLT,2024-02-13,93.17,93.37,92.09,92.19,12901743
GLD,2024-02-13,207.67,207.71,206.62,207.12,7086229
SPY,2024-02-14,453.41,459.22,451.78,458.16,57712659
QQQ,2024-02-14,333.57,334.45,323.12,327.69,50445293
IWM,2024-02-14,232.18,233.14,227.55,228.83,27360951
TLT,2024-02-14,91.91,92.42,90.79,91.27,8256779
GLD,2024-02-14,206.74,207.39,205.85,206.21,9129201
SPY,2024-02-15,458.55,461.71,453.42,460.76,69540248
QQQ,2024-02-15,326.94,327.12,310.87,314.99,31993635
IWM,2024-02-15,228.55,230.21,227.84,229.66,34109156
TLT,2024-02-15,91.15,93.91,91.05,93.06,12770238
GLD,2024-02-15,206.90,206.97,203.61,204.60,8670361
SPY,2024-02-16,458.82,459.77,457.09,457.47,80365530
QQQ,2024-02-16,311.48,318.29,311.33,316.35,53555636
IWM,2024-02-16,227.50,233.67,227.28,233.33,40627075
TLT,2024-02-16,93.54,93.84,92.65,92.83,13986712
GLD,2024-02-16,203.80,204.94,202.58,203.21,8935202
SPY,2024-02-20,455.78,462.34,455.61,462.29,78762313
QQQ,2024-02-20,317.69,318.38,311.33,312.21,45068917
IWM,2024-02-20,232.62,233.88,228.79,229.10,38320786
TLT,2024-02-20,92.58,93.71,92.26,93.45,16181561
GLD,2024-02-20,203.71,204.00,203.20,203.70,9138092
SPY,2024-02-21,463.41,464.06,462.30,463.46,80977842
QQQ,2024-02-21,312.76,313.69,312.05,312.06,56192887
IWM,2024-02-21,228.88,228.95,228.47,228.72,33063335
TLT,2024-02-21,93.43,94.12,93.43,93.99,9271476
GLD,2024-02-21,203.05,204.72,203.04,204.15,10694639
SPY,2024-02-22,461.63,466.55,460.86,466.22,78729667
QQQ,2024-02-22,312.28,316.35,306.26,306.51,53674786
IWM,2024-02-22,229.53,229.89,228.50,229.46,28450610
TLT,2024-02-22,94.80,95.14,92.54,92.64,15031673
GLD,2024-02-22,203.60,206.90,203.50,205.88,6905280
SPY,2024-02-23,466.58,467.75,462.16,462.51,93955314
QQQ,2024-02-23,305.84,310.62,305.23,309.87,48265568
IWM,2024-02-23,229.03,230.38,228.20,230.33,26274980
TLT,2024-02-23,92.57,92.69,92.00,92.24,14824977
GLD,2024-02-23,204.76,206.80,204.58,205.94,6747252
SPY,2024-02-26,461.86,469.06,460.45,468.51,99438435
QQQ,2024-02-26,311.97,313.07,300.67,303.60,68236394
IWM,2024-02-26,230.17,230.37,227.37,229.31,29325775
TLT,2024-02-26,92.41,92.52,91.93,92.20,16843204
GLD,2024-02-26,205.69,206.33,205.60,206.15,7703551
SPY,2024-02-27,467.33,469.25,466.24,468.55,75080619
QQQ,2024-02-27,304.06,304.32,293.19,294.37,61588495
IWM,2024-02-27,228.53,229.82,227.92,228.03,33297219
TLT,2024-02-27,92.00,93.80,91.94,93.76,9503623
GLD,2024-02-27,206.00,206.05,205.90,205.93,7650058
SPY,2024-02-28,468.50,473.07,467.19,472.36,81287888
QQQ,2024-02-28,295.76,300.27,295.76,296.79,51337625
IWM,2024-02-28,228.24,228.31,224.24,226.78,28376418
TLT,2024-02-28,93.59,93.73,92.62,92.70,14108708
GLD,2024-02-28,205.16,207.10,204.89,206.21,7668027
SPY,2024-02-29,471.31,476.58,471.05,474.87,74612028
QQQ,2024-02-29,297.74,302.59,296.71,301.40,57843528
IWM,2024-02-29,226.22,230.64,224.06,229.64,35339439
TLT,2024-02-29,92.33,93.40,92.27,93.25,10757758
GLD,2024-02-29,205.56,206.62,204.83,206.58,9833141
SPY,2024-03-01,472.45,474.99,470.93,471.65,73437946
QQQ,2024-03-01,302.14,306.88,301.77,306.83,41387617
IWM,2024-03-01,231.59,232.20,227.92,229.56,41486192
TLT,2024-03-01,92.94,94.39,92.87,94.07,13325935
GLD,2024-03-01,206.88,207.50,202.59,202.82,9637504
SPY,2024-03-04,472.14,473.50,471.75,472.97,75783944
QQQ,2024-03-04,306.85,307.73,299.61,300.54,54518608
IWM,2024-03-04,230.46,232.10,230.11,231.56,24911084
TLT,2024-03-04,94.18,94.24,93.03,93.14,10232991
GLD,2024-03-04,202.03,202.92,201.54,202.44,7233149
SPY,2024-03-05,475.55,475.93,470.27,471.55,93508287
QQQ,2024-03-05,300.01,305.52,297.82,304.93,40958533
IWM,2024-03-05,231.02,232.46,224.70,225.52,29166822
TLT,2024-03-05,93.34,93.42,92.26,92.60,10286129
GLD,2024-03-05,203.38,203.61,202.27,202.62,9630343
SPY,2024-03-06,468.52,478.20,467.66,477.68,90575228
QQQ,2024-03-06,306.32,310.18,306.14,308.94,44393132
IWM,2024-03-06,225.95,226.05,220.88,222.16,32467872
TLT,2024-03-06,92.36,94.17,92.27,94.12,9480685
GLD,2024-03-06,202.17,204.44,202.08,203.57,7688780
SPY,2024-03-07,480.77,483.96,480.49,483.33,71715845
QQQ,2024-03-07,311.33,312.32,308.68,309.03,61061544
IWM,2024-03-07,222.23,222.76,216.20,216.51,32784702
TLT,2024-03-07,94.39,94.52,92.01,92.05,12782893
GLD,2024-03-07,203.73,205.33,203.64,203.73,8270697
SPY,2024-03-08,481.93,493.80,480.92,493.53,73085513
QQQ,2024-03-08,310.71,321.66,310.52,319.31,50325664
IWM,2024-03-08,216.89,221.02,216.23,218.92,31652921
TLT,2024-03-08,92.02,92.08,91.72,92.00,14059020
GLD,2024-03-08,203.80,203.91,202.86,202.93,6814675
SPY,2024-03-11,491.32,493.75,491.27,493.26,96580431
QQQ,2024-03-11,318.69,321.50,316.89,318.16,20195863
IWM,2024-03-11,218.00,219.22,216.12,218.50,20158129
TLT,2024-03-11,92.05,92.36,91.56,92.02,9144279
GLD,2024-03-11,202.85,203.02,199.61,200.73,7163995
SPY,2024-03-12,496.01,498.80,493.96,498.07,82177043
QQQ,2024-03-12,316.78,317.24,314.99,316.34,51812926
IWM,2024-03-12,219.14,227.67,219.05,226.42,34756175
TLT,2024-03-12,91.72,93.79,91.63,93.59,10390225
GLD,2024-03-12,201.10,202.09,199.52,202.02,4732824
SPY,2024-03-13,494.00,508.81,491.07,508.76,76525609
QQQ,2024-03-13,315.66,317.07,313.69,316.11,48232392
IWM,2024-03-13,225.91,229.35,224.27,227.82,39795149
TLT,2024-03-13,93.66,94.46,92.39,93.45,10968178
GLD,2024-03-13,202.71,207.63,201.77,207.11,10176995
SPY,2024-03-14,504.67,505.83,501.50,502.43,85827407
QQQ,2024-03-14,314.99,318.21,312.36,316.66,44410320
IWM,2024-03-14,225.42,225.50,223.02,224.06,28067794
TLT,2024-03-14,93.45,93.60,93.28,93.31,9189535
GLD,2024-03-14,207.57,207.60,204.98,205.35,9311813
SPY,2024-03-15,501.51,502.54,499.84,502.47,65987277
QQQ,2024-03-15,315.56,322.30,314.32,321.73,46087734
IWM,2024-03-15,221.87,227.36,221.49,227.13,26122734
TLT,2024-03-15,93.13,94.71,93.12,94.53,12397863
GLD,2024-03-15,206.05,206.52,205.19,206.38,10118024
SPY,2024-03-18,501.68,502.71,492.11,494.76,76201885
QQQ,2024-03-18,322.03,322.76,311.95,314.89,47523873
IWM,2024-03-18,227.64,228.59,221.06,221.98,32167604
TLT,2024-03-18,93.96,94.47,93.76,94.10,12421632
GLD,2024-03-18,206.65,207.17,206.31,207.08,11164983
SPY,2024-03-19,494.75,498.05,489.19,490.33,77401463
QQQ,2024-03-19,316.88,318.65,309.53,312.70,58303396
IWM,2024-03-19,220.36,227.83,218.18,226.34,29911862
TLT,2024-03-19,94.11,94.80,93.91,94.41,12264985
GLD,2024-03-19,206.29,206.30,204.85,205.22,11884711
SPY,2024-03-20,490.68,490.90,479.19,479.91,96013621
QQQ,2024-03-20,313.36,316.99,312.45,315.02,64704444
IWM,2024-03-20,224.19,226.74,223.07,225.69,29317343
TLT,2024-03-20,94.38,94.57,93.96,94.12,13135602
GLD,2024-03-20,205.72,205.85,203.23,203.37,7017708
SPY,2024-03-21,480.08,488.12,478.69,486.74,78262675
QQQ,2024-03-21,315.37,321.72,314.46,314.68,52027018
IWM,2024-03-21,223.45,229.08,223.20,229.05,28491130
TLT,2024-03-21,94.00,94.27,92.13,92.38,12199211
GLD,2024-03-21,203.04,203.16,201.53,201.69,7794758
SPY,2024-03-22,486.66,488.30,476.84,476.95,111916136
QQQ,2024-03-22,315.11,326.41,313.00,325.22,43723253
IWM,2024-03-22,230.29,231.01,230.14,230.49,31046755
TLT,2024-03-22,92.11,93.49,91.96,93.31,14918346
GLD,2024-03-22,203.11,204.83,202.54,204.65,8931687
SPY,2024-03-25,475.98,479.40,468.90,470.88,97626613
QQQ,2024-03-25,324.93,333.54,321.52,333.01,61186631
IWM,2024-03-25,230.89,234.01,228.60,231.26,29754975
TLT,2024-03-25,93.23,93.64,92.46,92.85,14172477
GLD,2024-03-25,204.90,206.97,204.74,206.94,8164797
SPY,2024-03-26,472.99,476.52,469.97,476.04,98205502
QQQ,2024-03-26,333.80,334.15,325.66,326.10,63125565
IWM,2024-03-26,231.11,231.54,227.89,228.16,27665364
TLT,2024-03-26,92.58,94.54,92.41,94.14,10999708
GLD,2024-03-26,207.65,207.92,207.01,207.05,7735407
SPY,2024-03-27,475.39,481.64,472.17,479.96,68466994
QQQ,2024-03-27,326.99,330.97,322.00,325.76,60358927
IWM,2024-03-27,227.93,229.00,219.70,219.97,28707922
TLT,2024-03-27,94.22,94.31,93.20,93.49,15381337
GLD,2024-03-27,206.50,206.73,205.92,205.94,10379295
SPY,2024-03-28,479.49,480.32,471.54,472.05,102162135
QQQ,2024-03-28,321.91,332.19,320.84,331.80,62910565
IWM,2024-03-28,219.14,223.43,219.03,222.94,25697488
TLT,2024-03-28,93.18,93.24,91.85,91.90,6442138
GLD,2024-03-28,205.76,207.75,204.24,206.99,9609045
SPY,2024-03-29,476.06,477.57,469.31,472.09,65327529
QQQ,2024-03-29,331.93,340.26,331.87,339.62,62490468
IWM,2024-03-29,224.87,225.57,222.09,222.70,35914412
TLT,2024-03-29,92.00,92.35,91.85,92.34,11643483
GLD,2024-03-29,207.00,207.34,203.05,203.76,5319324
SPY,2024-04-01,470.28,475.62,469.90,475.41,88976574
QQQ,2024-04-01,339.53,344.72,339.47,343.90,25188085
IWM,2024-04-01,224.32,224.61,220.51,220.93,38247306
TLT,2024-04-01,92.07,92.67,91.84,92.54,9708324
GLD,2024-04-01,204.02,204.32,202.46,203.48,8165149
SPY,2024-04-02,475.37,479.68,474.46,478.55,90189184
QQQ,2024-04-02,344.32,344.62,334.97,336.45,50605046
IWM,2024-04-02,219.37,219.58,213.36,213.82,39251632
TLT,2024-04-02,92.68,93.78,92.61,93.65,10628724
GLD,2024-04-02,203.68,205.81,203.44,205.50,9034109
SPY,2024-04-03,476.78,481.49,476.63,480.96,51788882
QQQ,2024-04-03,333.79,341.52,333.72,339.12,36863121
IWM,2024-04-03,214.08,217.82,214.05,216.90,49800943
TLT,2024-04-03,93.25,94.69,93.22,94.60,5388703
GLD,2024-04-03,205.04,206.27,203.27,204.39,9294043
SPY,2024-04-04,479.83,481.87,477.00,478.01,67842811
QQQ,2024-04-04,341.17,342.69,339.95,342.52,52144145
IWM,2024-04-04,216.30,217.75,215.05,216.98,32402216
TLT,2024-04-04,94.86,95.12,94.53,94.64,15317092
GLD,2024-04-04,204.50,207.56,204.20,206.63,8106685
SPY,2024-04-05,478.28,479.52,477.75,479.36,79035862
QQQ,2024-04-05,343.27,345.33,335.20,336.37,54111686
IWM,2024-04-05,218.84,219.53,214.00,215.49,32120724
TLT,2024-04-05,94.90,95.11,93.90,93.93,13995582
GLD,2024-04-05,207.14,211.81,206.57,210.89,6320473
SPY,2024-04-08,481.77,483.84,481.27,482.48,66335132
QQQ,2024-04-08,336.89,336.94,331.97,333.50,54943376
IWM,2024-04-08,216.28,218.73,210.34,213.19,27990505
TLT,2024-04-08,93.88,93.95,93.26,93.49,16107111
GLD,2024-04-08,210.84,210.98,209.19,209.23,10378411
SPY,2024-04-09,480.35,480.46,471.79,473.23,62954102
QQQ,2024-04-09,331.25,336.47,325.49,331.12,52263012
IWM,2024-04-09,213.07,216.05,212.91,214.91,31247539
TLT,2024-04-09,93.03,93.35,92.68,93.13,14020270
GLD,2024-04-09,209.57,209.81,208.36,208.36,9789173
SPY,2024-04-10,474.63,475.73,470.17,472.62,90591804
QQQ,2024-04-10,332.11,333.43,331.24,331.82,45003255
IWM,2024-04-10,213.49,216.89,212.43,215.95,35044797
TLT,2024-04-10,92.93,93.43,92.76,92.87,10545824
GLD,2024-04-10,208.80,209.78,206.92,208.49,8261760
SPY,2024-04-11,471.98,473.15,464.66,464.92,102371488
QQQ,2024-04-11,328.88,331.10,328.49,328.92,65566137
IWM,2024-04-11,216.02,220.98,215.23,220.11,29017876
TLT,2024-04-11,93.22,93.24,91.89,92.19,12219220
GLD,2024-04-11,210.03,210.13,207.51,207.76,9212956
SPY,2024-04-12,465.70,465.92,453.27,453.57,98275641
QQQ,2024-04-12,327.64,331.87,326.63,330.88,22076437
IWM,2024-04-12,219.28,220.34,215.26,215.92,23618490
TLT,2024-04-12,92.06,92.31,92.04,92.24,13469050
GLD,2024-04-12,206.86,208.24,205.94,207.89,6728986
SPY,2024-04-15,454.70,459.50,453.57,459.22,93825834
QQQ,2024-04-15,334.52,335.16,325.94,326.59,42386544
IWM,2024-04-15,216.41,224.70,216.18,223.76,35156603
TLT,2024-04-15,92.38,92.44,90.79,90.81,16545136
GLD,2024-04-15,208.65,208.66,204.68,204.89,10561208
SPY,2024-04-16,459.76,459.84,456.09,458.72,91768719
QQQ,2024-04-16,329.13,332.58,318.65,321.26,57852937
IWM,2024-04-16,222.75,224.44,221.16,224.35,32309626
TLT,2024-04-16,90.45,90.59,90.13,90.27,11771875
GLD,2024-04-16,204.70,205.07,204.20,204.21,6606652
SPY,2024-04-17,458.82,459.85,458.14,459.29,86936695
QQQ,2024-04-17,319.59,324.62,318.24,324.12,51535328
IWM,2024-04-17,225.16,228.93,224.74,228.46,32756975
TLT,2024-04-17,90.89,91.47,90.33,90.54,11360772
GLD,2024-04-17,204.42,204.55,203.53,203.54,6466002
SPY,2024-04-18,460.41,462.25,460.37,461.73,102405357
QQQ,2024-04-18,323.47,324.08,319.31,321.01,43127343
IWM,2024-04-18,227.99,234.07,226.87,232.95,22288621
TLT,2024-04-18,90.52,91.17,90.47,91.05,9565631
GLD,2024-04-18,203.32,209.17,202.24,207.95,8118345
SPY,2024-04-19,463.34,464.16,461.47,462.13,60270660
QQQ,2024-04-19,320.10,321.99,316.34,318.09,46761572
IWM,2024-04-19,231.79,232.46,230.54,231.99,37031853
TLT,2024-04-19,90.91,91.05,89.97,90.18,8805434
GLD,2024-04-19,207.74,209.03,207.63,208.19,4403538
SPY,2024-04-22,459.29,462.65,456.76,461.75,106265884
QQQ,2024-04-22,317.52,317.64,309.26,310.24,41154430
IWM,2024-04-22,233.65,236.35,233.11,236.29,41900410
TLT,2024-04-22,90.12,91.15,90.02,91.14,8858524
GLD,2024-04-22,207.66,208.15,207.56,207.96,5888513
SPY,2024-04-23,461.74,462.19,456.45,456.79,87719190
QQQ,2024-04-23,311.15,312.75,308.11,309.67,51885786
IWM,2024-04-23,236.43,236.69,231.33,232.09,31036447
TLT,2024-04-23,91.37,92.89,91.34,92.75,10709893
GLD,2024-04-23,207.92,209.62,207.61,209.42,9122773
SPY,2024-04-24,457.73,459.42,455.61,455.90,81610887
QQQ,2024-04-24,308.94,310.94,305.29,306.98,54582002
IWM,2024-04-24,232.56,238.38,231.92,238.12,31755521
TLT,2024-04-24,93.02,93.16,92.15,92.31,9923654
GLD,2024-04-24,208.97,209.25,207.08,207.53,6169769
SPY,2024-04-25,453.53,459.72,453.23,459.37,85338710
QQQ,2024-04-25,308.02,310.69,306.86,309.13,49292607
IWM,2024-04-25,238.98,241.23,238.28,240.62,16629385
TLT,2024-04-25,92.15,92.16,89.09,89.20,14414899
GLD,2024-04-25,207.71,209.47,207.46,209.26,9849835
SPY,2024-04-26,458.69,460.09,457.12,458.04,64345861
QQQ,2024-04-26,309.34,310.86,307.77,310.43,44099491
IWM,2024-04-26,240.53,242.19,239.69,240.15,33945254
TLT,2024-04-26,89.50,90.82,89.02,90.39,15694012
GLD,2024-04-26,209.52,210.11,209.08,210.10,5661397
SPY,2024-04-29,464.05,465.51,449.93,451.98,32557597
QQQ,2024-04-29,310.68,321.03,309.02,317.20,45123590
IWM,2024-04-29,238.56,239.14,238.27,238.89,35654452
TLT,2024-04-29,90.32,90.96,90.19,90.72,15351258
GLD,2024-04-29,210.53,211.66,209.69,209.79,11391629
SPY,2024-04-30,456.42,463.10,455.70,459.95,73819170
QQQ,2024-04-30,316.23,321.78,313.26,320.18,44816030
IWM,2024-04-30,238.75,239.90,233.48,235.00,37947084
TLT,2024-04-30,90.64,91.14,90.06,91.04,8000228
GLD,2024-04-30,210.77,213.26,210.70,213.25,5422675
SPY,2024-05-01,460.58,461.94,451.64,452.21,83403906
QQQ,2024-05-01,319.80,328.08,319.13,326.26,61188097
IWM,2024-05-01,234.47,234.58,230.88,231.10,44931985
TLT,2024-05-01,91.42,92.33,91.41,92.00,12031825
GLD,2024-05-01,213.15,215.20,212.45,214.56,10011984
SPY,2024-05-02,451.52,463.61,449.94,462.95,104962907
QQQ,2024-05-02,327.78,329.61,326.96,329.34,41272396
IWM,2024-05-02,230.52,230.54,226.32,226.39,45448875
TLT,2024-05-02,92.03,93.82,92.00,93.44,12620514
GLD,2024-05-02,214.53,215.37,214.17,215.17,11043136
SPY,2024-05-03,465.13,473.61,460.38,469.32,92267871
QQQ,2024-05-03,328.22,335.63,328.08,335.14,36145783
IWM,2024-05-03,227.30,228.96,226.90,228.63,44442954
TLT,2024-05-03,92.91,94.88,92.85,94.39,13210557
GLD,2024-05-03,215.41,216.03,214.65,215.10,8443562
SPY,2024-05-06,468.54,470.10,458.39,460.98,77874574
QQQ,2024-05-06,333.63,336.49,332.64,335.17,45111279
IWM,2024-05-06,227.51,229.43,224.63,228.75,32121476
TLT,2024-05-06,94.33,95.21,94.18,94.88,10335090
GLD,2024-05-06,215.11,215.26,211.58,212.16,8513686
SPY,2024-05-07,461.13,465.94,461.01,463.01,63420744
QQQ,2024-05-07,337.12,338.39,333.99,335.23,44628718
IWM,2024-05-07,229.98,230.24,226.53,227.21,27320732
TLT,2024-05-07,94.84,95.89,94.65,95.76,8316662
GLD,2024-05-07,212.00,212.84,211.90,212.60,6933028
SPY,2024-05-08,462.96,463.96,459.33,460.13,55985644
QQQ,2024-05-08,339.07,343.59,336.38,343.02,52596784
IWM,2024-05-08,226.95,231.74,226.90,228.92,33306671
TLT,2024-05-08,95.55,96.09,95.41,96.06,14340969
GLD,2024-05-08,211.86,213.65,211.64,213.65,8907289
SPY,2024-05-09,461.44,466.34,459.12,466.03,110684546
QQQ,2024-05-09,341.23,346.68,339.72,346.49,68723246
IWM,2024-05-09,227.84,231.99,226.22,231.90,31833308
TLT,2024-05-09,96.04,97.12,95.77,96.99,14031425
GLD,2024-05-09,213.44,216.51,213.23,214.70,9624567
SPY,2024-05-10,466.87,469.59,466.74,468.79,79337281
QQQ,2024-05-10,348.78,350.05,347.81,349.04,40220790
IWM,2024-05-10,232.70,235.44,229.54,229.61,29761796
TLT,2024-05-10,97.00,98.20,96.73,98.01,16224985
GLD,2024-05-10,214.08,214.36,211.44,211.46,7258028
SPY,2024-05-13,468.56,473.28,462.99,464.86,78312822
QQQ,2024-05-13,350.87,352.78,345.68,346.45,40802753
IWM,2024-05-13,229.54,231.78,228.90,231.21,43083291
TLT,2024-05-13,98.22,98.65,98.21,98.62,14082746
GLD,2024-05-13,210.61,212.67,210.12,212.45,8960554
SPY,2024-05-14,464.02,467.31,462.83,466.69,95391776
QQQ,2024-05-14,347.74,348.34,337.91,340.12,49524087
IWM,2024-05-14,230.39,234.08,230.34,233.14,33102307
TLT,2024-05-14,98.39,99.10,98.27,99.10,8403836
GLD,2024-05-14,212.59,212.60,211.95,212.27,8992222
SPY,2024-05-15,465.42,467.04,464.68,466.78,110054071
QQQ,2024-05-15,342.45,346.17,338.42,341.09,60146747
IWM,2024-05-15,231.97,232.03,230.05,230.18,48881580
TLT,2024-05-15,99.54,100.36,99.43,99.97,10108158
GLD,2024-05-15,212.44,214.86,212.19,214.38,7690709
SPY,2024-05-16,467.33,468.92,466.74,467.76,91967173
QQQ,2024-05-16,340.76,342.45,339.15,342.41,39235738
IWM,2024-05-16,230.07,232.92,229.80,232.69,48821119
TLT,2024-05-16,99.90,100.21,97.52,98.61,12450949
GLD,2024-05-16,213.11,213.22,212.12,212.66,7976143
SPY,2024-05-17,469.10,471.31,468.09,470.00,126114549
QQQ,2024-05-17,343.18,356.31,342.38,349.36,49252322
IWM,2024-05-17,231.96,232.38,230.91,231.15,39925732
TLT,2024-05-17,98.69,99.04,98.22,98.62,8073510
GLD,2024-05-17,213.35,214.40,211.81,213.87,10445817
SPY,2024-05-20,468.00,472.91,465.25,471.69,124050478
QQQ,2024-05-20,347.87,355.41,347.84,354.85,50765754
IWM,2024-05-20,233.63,233.81,233.46,233.80,38530935
TLT,2024-05-20,97.97,98.23,97.90,98.19,7416332
GLD,2024-05-20,214.53,215.67,211.05,211.71,7620406
SPY,2024-05-21,471.08,477.26,470.71,477.13,101408338
QQQ,2024-05-21,357.54,368.85,354.54,367.97,73397201
IWM,2024-05-21,231.38,231.69,229.07,230.88,37708886
TLT,2024-05-21,98.53,99.36,97.75,98.97,10150148
GLD,2024-05-21,212.87,213.95,206.79,207.02,11684043
SPY,2024-05-22,473.44,474.34,469.14,470.14,100458744
QQQ,2024-05-22,373.60,373.93,369.21,369.50,46359676
IWM,2024-05-22,230.06,230.44,225.85,225.85,37622931
TLT,2024-05-22,99.12,99.22,98.89,98.98,16893389
GLD,2024-05-22,206.51,206.94,205.88,206.33,9087945
SPY,2024-05-23,468.29,476.05,467.65,475.66,87571123
QQQ,2024-05-23,370.25,370.41,364.40,365.03,58505850
IWM,2024-05-23,224.50,227.07,223.39,225.41,28925914
TLT,2024-05-23,99.15,99.17,98.22,98.27,11103907
GLD,2024-05-23,206.56,207.56,206.11,207.41,7842344
SPY,2024-05-24,475.70,476.05,469.49,471.36,66653710
QQQ,2024-05-24,366.56,369.33,364.27,368.68,44605626
IWM,2024-05-24,225.83,226.09,223.46,224.06,41641248
TLT,2024-05-24,98.55,98.61,97.85,97.94,10524023
GLD,2024-05-24,206.99,207.75,206.92,207.14,9783466
SPY,2024-05-28,472.68,472.70,471.22,472.16,92607947
QQQ,2024-05-28,371.29,372.38,367.84,371.91,43664858
IWM,2024-05-28,223.04,226.46,222.18,225.68,40859884
TLT,2024-05-28,98.32,98.43,96.97,97.22,11931930
GLD,2024-05-28,206.34,208.80,205.67,208.08,10149422
SPY,2024-05-29,472.48,488.01,465.69,486.76,102094460
QQQ,2024-05-29,374.64,375.41,349.56,350.89,68770486
IWM,2024-05-29,224.85,225.11,221.34,221.49,39996626
TLT,2024-05-29,97.37,97.68,95.04,95.34,9827171
GLD,2024-05-29,207.27,209.32,206.70,209.08,6652197
SPY,2024-05-30,486.45,487.46,484.19,484.42,66676079
QQQ,2024-05-30,350.48,354.59,350.33,354.29,55502474
IWM,2024-05-30,220.46,220.71,217.12,217.33,35903169
TLT,2024-05-30,95.39,96.99,95.24,96.94,10140654
GLD,2024-05-30,209.73,210.78,207.98,208.73,10874521
SPY,2024-05-31,485.05,497.37,483.20,496.32,91508928
QQQ,2024-05-31,355.51,356.31,351.33,356.07,62457379
IWM,2024-05-31,217.82,218.50,212.11,212.62,34838670
TLT,2024-05-31,96.46,98.22,96.29,98.15,12944964
GLD,2024-05-31,209.49,209.86,207.44,207.57,10946259
SPY,2024-06-03,496.24,496.98,487.87,488.01,71691399
QQQ,2024-06-03,354.54,355.78,351.12,353.94,68153286
IWM,2024-06-03,211.06,212.94,210.80,212.65,18716358
TLT,2024-06-03,97.89,98.35,97.02,97.07,14445787
GLD,2024-06-03,207.70,212.39,207.61,210.86,6696083
SPY,2024-06-04,487.96,488.94,481.33,481.81,119284361
QQQ,2024-06-04,352.37,353.00,348.99,349.87,35289979
IWM,2024-06-04,212.27,214.14,210.32,213.77,34254415
TLT,2024-06-04,96.83,97.82,96.67,97.62,12678254
GLD,2024-06-04,210.15,212.66,210.05,211.36,10515180
SPY,2024-06-05,480.90,485.93,479.11,485.76,89832821
QQQ,2024-06-05,348.35,350.74,338.83,339.32,35639895
IWM,2024-06-05,213.76,216.66,213.62,216.49,32624922
TLT,2024-06-05,97.59,97.70,96.16,96.42,11091604
GLD,2024-06-05,210.89,214.35,210.06,213.79,8721936
SPY,2024-06-06,486.70,487.10,482.88,483.32,54656948
QQQ,2024-06-06,341.84,344.22,341.19,343.18,49688451
IWM,2024-06-06,216.09,216.96,212.91,213.59,48144269
TLT,2024-06-06,96.53,96.63,94.51,94.55,14172289
GLD,2024-06-06,213.43,213.87,210.98,212.40,9046230
SPY,2024-06-07,484.21,488.72,482.93,485.99,66537903
QQQ,2024-06-07,343.57,347.16,342.66,344.71,45424817
IWM,2024-06-07,213.51,213.54,213.04,213.43,35737776
TLT,2024-06-07,94.88,95.13,93.25,93.48,10185686
GLD,2024-06-07,212.28,214.36,212.09,214.30,9405611
SPY,2024-06-10,486.95,490.13,485.38,486.59,71351428
QQQ,2024-06-10,343.10,343.94,342.08,342.83,59281812
IWM,2024-06-10,213.01,220.09,212.49,219.01,31382243
TLT,2024-06-10,92.89,96.01,92.78,95.85,14202539
GLD,2024-06-10,213.96,219.05,213.89,218.71,7160116
SPY,2024-06-11,484.26,486.81,483.31,485.96,111829022
QQQ,2024-06-11,342.26,345.94,340.59,345.87,49507795
IWM,2024-06-11,218.84,219.84,218.10,218.68,27408374
TLT,2024-06-11,95.72,95.90,95.50,95.56,15352655
GLD,2024-06-11,218.31,219.05,217.09,217.96,10014585
SPY,2024-06-12,486.58,492.03,486.42,491.79,90130040
QQQ,2024-06-12,348.13,348.38,344.54,345.35,61355077
IWM,2024-06-12,219.54,219.96,218.67,219.75,35179710
TLT,2024-06-12,95.26,97.19,95.15,97.11,8161752
GLD,2024-06-12,217.94,218.12,217.58,217.79,7904612
SPY,2024-06-13,491.97,492.69,489.12,489.30,84413775
QQQ,2024-06-13,347.95,350.02,336.27,340.35,55558370
IWM,2024-06-13,219.20,220.18,218.30,218.70,37233632
TLT,2024-06-13,97.23,97.57,96.55,96.84,11551512
GLD,2024-06-13,218.55,219.32,213.93,214.98,9872349
SPY,2024-06-14,490.27,495.49,489.51,495.36,90768151
QQQ,2024-06-14,337.73,344.09,337.11,343.43,64940421
IWM,2024-06-14,219.25,219.85,218.66,219.72,33356546
TLT,2024-06-14,96.89,96.99,96.36,96.62,10206309
GLD,2024-06-14,213.51,214.13,211.82,212.07,6726488
SPY,2024-06-17,494.96,495.24,485.90,486.37,66399028
QQQ,2024-06-17,344.69,352.76,344.21,351.19,49743284
IWM,2024-06-17,219.24,220.91,216.28,218.52,42258401
TLT,2024-06-17,96.71,97.16,96.66,97.15,15395617
GLD,2024-06-17,212.31,212.48,210.49,210.99,9081221
SPY,2024-06-18,483.82,483.84,480.90,481.54,89917561
QQQ,2024-06-18,351.18,352.04,350.52,351.19,45991910
IWM,2024-06-18,217.30,223.77,217.17,222.50,36770173
TLT,2024-06-18,97.47,97.70,97.14,97.36,9902903
GLD,2024-06-18,211.01,211.19,208.29,208.54,10528812
SPY,2024-06-20,481.22,486.51,480.74,486.36,84521123
QQQ,2024-06-20,351.03,355.31,349.93,354.28,45865258
IWM,2024-06-20,222.05,226.08,220.62,225.79,40644674
TLT,2024-06-20,97.57,98.50,97.50,98.02,9399043
GLD,2024-06-20,207.35,207.67,206.04,206.05,11571205
SPY,2024-06-21,484.29,490.91,483.02,490.61,75249843
QQQ,2024-06-21,352.81,353.68,344.54,345.29,58769991
IWM,2024-06-21,228.18,228.42,222.93,222.98,29419983
TLT,2024-06-21,97.85,100.76,97.65,100.59,10768224
GLD,2024-06-21,205.71,206.40,202.98,203.18,4360601
SPY,2024-06-24,489.74,490.16,486.47,488.11,58842263
QQQ,2024-06-24,347.42,348.01,329.32,329.90,41712202
IWM,2024-06-24,223.64,226.81,223.04,225.54,24907280
TLT,2024-06-24,100.46,102.20,100.28,101.45,9274615
GLD,2024-06-24,203.23,204.56,202.26,204.25,8698070
SPY,2024-06-25,489.54,493.71,489.04,492.33,105710560
QQQ,2024-06-25,330.56,341.53,329.62,340.67,60879866
IWM,2024-06-25,225.69,227.49,220.89,221.14,29503837
TLT,2024-06-25,100.85,101.45,100.12,100.29,10833186
GLD,2024-06-25,204.24,206.71,204.17,206.46,4828098
SPY,2024-06-26,488.91,500.82,486.15,498.75,59166757
QQQ,2024-06-26,342.16,342.58,336.86,338.36,63602993
IWM,2024-06-26,221.75,222.79,221.03,222.05,31535919
TLT,2024-06-26,100.28,100.55,100.09,100.14,10652455
GLD,2024-06-26,206.87,207.71,206.75,207.46,7023008
SPY,2024-06-27,496.77,499.16,492.47,492.98,90268068
QQQ,2024-06-27,338.99,341.17,337.95,339.39,55923521
IWM,2024-06-27,221.56,223.98,221.36,223.49,46471359
TLT,2024-06-27,99.94,99.99,96.84,96.85,10728836
GLD,2024-06-27,206.87,207.57,204.62,205.75,7380962
SPY,2024-06-28,496.55,498.91,485.39,487.46,72786332
QQQ,2024-06-28,337.05,355.77,336.36,352.65,51004565
IWM,2024-06-28,223.07,226.01,222.88,225.44,43372605
TLT,2024-06-28,97.24,97.30,96.52,96.55,7250084
GLD,2024-06-28,205.87,206.29,203.67,205.04,8363948
SPY,2024-07-01,487.44,488.86,477.13,479.27,83640153
QQQ,2024-07-01,352.98,357.50,351.86,354.56,51083095
IWM,2024-07-01,224.65,228.92,223.40,228.27,36109150
TLT,2024-07-01,96.46,96.48,94.84,95.23,11716992
GLD,2024-07-01,205.80,206.65,204.31,204.42,8645501
SPY,2024-07-02,477.43,480.81,476.15,480.01,71526478
QQQ,2024-07-02,355.27,357.04,353.15,353.95,48617353
IWM,2024-07-02,226.09,226.26,223.47,224.77,43445193
TLT,2024-07-02,95.25,95.27,94.60,94.88,10300018
GLD,2024-07-02,204.27,206.47,203.92,205.96,6032961
SPY,2024-07-03,480.65,485.44,480.12,484.48,70938148
QQQ,2024-07-03,357.06,362.37,352.28,358.83,61115236
IWM,2024-07-03,224.66,225.06,223.31,224.69,41513587
TLT,2024-07-03,94.90,94.93,94.01,94.06,8233900
GLD,2024-07-03,205.23,205.39,203.14,203.31,9991222
SPY,2024-07-05,483.82,483.92,479.50,479.55,80272096
QQQ,2024-07-05,355.41,365.25,352.90,363.51,62142742
IWM,2024-07-05,223.86,227.99,222.90,227.64,39299826
TLT,2024-07-05,94.16,95.40,93.88,95.24,11549264
GLD,2024-07-05,203.17,204.18,203.14,203.92,10072527
SPY,2024-07-08,476.38,482.77,474.77,481.18,73617862
QQQ,2024-07-08,363.49,372.18,362.18,371.01,52254629
IWM,2024-07-08,226.37,226.55,221.20,221.85,39993713
TLT,2024-07-08,94.76,94.93,94.16,94.30,9401035
GLD,2024-07-08,204.69,204.82,203.35,203.81,7474308
SPY,2024-07-09,481.35,481.69,475.88,475.91,76772331
QQQ,2024-07-09,372.60,373.17,371.38,372.57,52085570
IWM,2024-07-09,222.71,231.72,221.82,231.46,41374458
TLT,2024-07-09,94.13,94.16,92.67,92.76,10118045
GLD,2024-07-09,202.95,203.73,201.11,201.88,6515079
SPY,2024-07-10,473.95,475.72,471.80,475.50,68497230
QQQ,2024-07-10,373.50,375.61,373.07,375.27,53662207
IWM,2024-07-10,232.05,235.41,231.27,234.77,24642017
TLT,2024-07-10,92.80,92.95,91.49,91.74,12705708
GLD,2024-07-10,202.29,202.93,201.33,202.01,8508302
SPY,2024-07-11,475.96,480.95,475.65,479.79,77142296
QQQ,2024-07-11,374.40,376.51,372.19,374.88,55603615
IWM,2024-07-11,234.67,242.76,233.97,242.38,38589273
TLT,2024-07-11,91.62,91.71,90.11,90.13,9830340
GLD,2024-07-11,202.22,202.34,199.65,199.75,8935115
SPY,2024-07-12,478.93,491.27,477.43,490.83,90344878
QQQ,2024-07-12,374.50,375.75,373.53,373.56,44748168
IWM,2024-07-12,243.54,245.79,242.41,242.68,24990954
TLT,2024-07-12,90.09,90.16,89.29,89.30,13367486
GLD,2024-07-12,199.00,199.35,196.76,196.80,5534963
SPY,2024-07-15,491.38,493.90,488.33,493.56,73206218
QQQ,2024-07-15,374.74,389.54,374.21,387.13,37265312
IWM,2024-07-15,242.78,243.52,241.76,243.10,32368048
TLT,2024-07-15,89.29,90.29,89.04,89.72,13057953
GLD,2024-07-15,197.60,198.55,195.86,196.44,6470705
SPY,2024-07-16,493.52,495.81,492.02,494.33,100748575
QQQ,2024-07-16,383.04,386.06,380.56,386.02,48139621
IWM,2024-07-16,242.24,242.58,240.03,240.98,31619774
TLT,2024-07-16,89.57,89.77,89.56,89.60,15346585
GLD,2024-07-16,196.78,199.81,196.67,199.69,8213949
SPY,2024-07-17,497.75,500.56,481.32,481.69,48396905
QQQ,2024-07-17,384.60,386.77,375.36,376.50,63958407
IWM,2024-07-17,240.08,242.49,239.80,242.10,35490214
TLT,2024-07-17,89.60,90.18,89.43,90.17,18800900
GLD,2024-07-17,199.19,200.49,198.93,200.06,7950496
SPY,2024-07-18,480.99,482.28,479.10,479.66,72466515
QQQ,2024-07-18,376.12,383.59,371.53,381.92,43066348
IWM,2024-07-18,242.45,242.67,240.20,240.81,51315968
TLT,2024-07-18,89.53,91.12,89.09,90.94,9855531
GLD,2024-07-18,200.17,201.03,195.16,195.72,7572422
SPY,2024-07-19,480.22,480.38,472.24,472.39,45720588
QQQ,2024-07-19,382.15,384.04,363.06,365.61,46668969
IWM,2024-07-19,240.94,249.03,240.35,248.14,36202246
TLT,2024-07-19,90.69,90.74,90.40,90.64,10828892
GLD,2024-07-19,195.46,198.80,195.45,198.30,7702975
SPY,2024-07-22,472.76,473.42,460.68,461.07,73681199
QQQ,2024-07-22,368.37,378.93,365.69,377.31,51116163
IWM,2024-07-22,246.50,246.56,242.09,243.28,35978811
TLT,2024-07-22,90.31,92.67,90.26,92.12,11678475
GLD,2024-07-22,199.21,199.92,198.55,199.60,8271065
SPY,2024-07-23,461.04,463.34,451.17,455.67,74324666
QQQ,2024-07-23,378.71,378.83,368.54,370.28,45676018
IWM,2024-07-23,242.69,242.79,239.81,241.06,29935018
TLT,2024-07-23,92.23,92.60,91.24,91.58,15386892
GLD,2024-07-23,199.94,200.09,199.37,199.45,9027444
SPY,2024-07-24,454.21,458.74,452.73,458.35,112103242
QQQ,2024-07-24,373.20,380.95,373.19,377.51,57053831
IWM,2024-07-24,241.28,242.37,235.77,237.36,31549115
TLT,2024-07-24,91.83,91.87,90.37,90.48,10202267
GLD,2024-07-24,199.01,199.38,197.82,198.08,7487040
SPY,2024-07-25,458.46,462.71,458.12,461.26,59426513
QQQ,2024-07-25,377.87,378.82,372.56,373.11,39758116
IWM,2024-07-25,234.98,237.03,233.79,236.76,37601689
TLT,2024-07-25,90.28,91.36,89.67,90.94,9970019
GLD,2024-07-25,198.22,199.20,197.99,199.10,7747832
SPY,2024-07-26,458.15,470.03,457.23,469.32,96120498
QQQ,2024-07-26,372.66,381.71,372.41,380.00,37529051
IWM,2024-07-26,237.36,237.72,228.81,229.17,36532552
TLT,2024-07-26,90.70,91.92,90.61,91.80,13622280
GLD,2024-07-26,198.47,200.31,198.40,199.86,9123348
SPY,2024-07-29,471.63,471.73,467.62,467.77,63589987
QQQ,2024-07-29,374.49,375.05,367.44,368.50,47988294
IWM,2024-07-29,230.16,230.87,218.67,220.13,28236766
TLT,2024-07-29,91.41,91.46,90.78,90.87,14062511
GLD,2024-07-29,199.62,199.84,196.51,196.77,7992817
SPY,2024-07-30,468.67,470.28,467.71,467.99,80397715
QQQ,2024-07-30,366.23,384.71,366.12,382.80,48067873
IWM,2024-07-30,219.36,222.90,219.06,222.65,32394976
TLT,2024-07-30,91.25,91.78,91.13,91.66,10431622
GLD,2024-07-30,197.58,198.21,197.23,197.44,6799197
SPY,2024-07-31,464.93,468.19,464.25,467.67,74392282
QQQ,2024-07-31,382.40,395.47,382.23,392.42,51829907
IWM,2024-07-31,223.06,227.28,222.79,226.92,32552592
TLT,2024-07-31,91.85,92.00,90.17,90.25,13737558
GLD,2024-07-31,195.65,199.52,195.26,199.41,10183747
SPY,2024-08-01,467.78,468.01,455.93,456.32,81949330
QQQ,2024-08-01,389.14,403.06,385.83,399.62,50111979
IWM,2024-08-01,226.89,233.46,225.34,233.22,37927884
TLT,2024-08-01,90.15,90.23,87.56,87.74,10502051
GLD,2024-08-01,200.02,201.83,200.01,201.74,10282014
SPY,2024-08-02,459.58,460.30,458.51,460.08,70488480
QQQ,2024-08-02,399.44,399.97,394.98,395.01,48700906
IWM,2024-08-02,233.73,240.38,233.18,239.59,38469780
TLT,2024-08-02,87.29,88.21,87.14,88.04,11936062
GLD,2024-08-02,202.03,204.31,201.71,204.23,8491635
SPY,2024-08-05,460.21,479.60,458.91,475.74,83935116
QQQ,2024-08-05,393.15,394.06,391.97,392.64,42279630
IWM,2024-08-05,239.86,241.67,238.64,240.89,44292487
TLT,2024-08-05,88.53,88.66,87.75,87.80,13129213
GLD,2024-08-05,204.22,205.57,204.00,205.56,6808946
SPY,2024-08-06,476.05,476.59,474.39,476.32,75751710
QQQ,2024-08-06,390.67,392.22,380.09,382.57,50194992
IWM,2024-08-06,240.22,241.37,237.43,238.38,47142914
TLT,2024-08-06,87.93,88.56,87.87,88.51,12100461
GLD,2024-08-06,205.11,206.02,202.30,202.45,7942983
SPY,2024-08-07,479.89,483.69,479.36,481.92,97983740
QQQ,2024-08-07,382.03,387.96,380.79,384.85,59599874
IWM,2024-08-07,237.83,239.35,236.93,236.96,37006794
TLT,2024-08-07,88.60,89.38,88.56,89.21,11540715
GLD,2024-08-07,202.04,202.08,200.17,200.29,7288201
SPY,2024-08-08,480.12,482.48,479.59,482.03,57120931
QQQ,2024-08-08,385.50,389.15,383.40,387.59,55261911
IWM,2024-08-08,240.38,244.97,239.70,244.46,41193334
TLT,2024-08-08,89.24,89.45,89.16,89.20,8751286
GLD,2024-08-08,200.15,200.60,198.98,199.20,9692551
SPY,2024-08-09,481.30,485.09,479.34,480.67,69064289
QQQ,2024-08-09,387.52,394.10,384.80,393.62,68405157
IWM,2024-08-09,244.22,247.19,241.37,245.52,29465434
TLT,2024-08-09,89.26,89.48,89.12,89.36,10479687
GLD,2024-08-09,199.66,200.03,197.65,198.62,6714828
SPY,2024-08-12,477.65,479.74,476.46,479.13,49005991
QQQ,2024-08-12,392.55,395.81,385.85,386.61,48135535
IWM,2024-08-12,246.22,252.30,245.40,251.93,44534345
TLT,2024-08-12,89.16,89.32,87.80,88.06,12298639
GLD,2024-08-12,198.92,199.03,197.52,197.55,6869926
SPY,2024-08-13,478.93,479.83,478.14,479.21,87209920
QQQ,2024-08-13,386.57,387.13,381.36,381.80,61305911
IWM,2024-08-13,251.52,254.71,250.76,254.60,34861747
TLT,2024-08-13,88.16,88.78,88.13,88.41,13103179
GLD,2024-08-13,197.55,200.17,197.46,199.93,6605627
SPY,2024-08-14,478.87,483.14,478.05,481.57,70764466
QQQ,2024-08-14,379.73,392.17,378.16,390.24,29720857
IWM,2024-08-14,254.85,254.97,252.28,252.54,26727224
TLT,2024-08-14,88.48,89.57,87.71,89.50,10269692
GLD,2024-08-14,199.19,202.28,199.11,202.25,7673515
SPY,2024-08-15,480.43,482.25,479.70,482.09,78196837
QQQ,2024-08-15,390.60,390.66,378.88,379.06,37202538
IWM,2024-08-15,253.02,253.32,249.50,249.65,25582085
TLT,2024-08-15,89.62,90.81,89.58,90.76,14109567
GLD,2024-08-15,203.34,203.51,199.86,200.17,7063942
SPY,2024-08-16,485.34,485.91,469.33,470.63,69923788
QQQ,2024-08-16,374.54,379.40,373.17,378.31,51014846
IWM,2024-08-16,249.45,249.91,245.48,246.18,29140505
TLT,2024-08-16,91.07,91.83,90.99,91.80,8886215
GLD,2024-08-16,199.38,203.84,199.22,202.97,7826919
SPY,2024-08-19,470.23,474.80,465.82,473.96,107441876
QQQ,2024-08-19,376.45,376.49,370.50,371.16,71557033
IWM,2024-08-19,245.41,245.55,244.01,244.67,41684236
TLT,2024-08-19,91.28,92.46,91.06,92.40,17228563
GLD,2024-08-19,203.75,209.07,203.12,207.56,7304147
SPY,2024-08-20,472.49,473.11,459.76,461.13,76089579
QQQ,2024-08-20,369.39,370.79,354.26,360.01,58167059
IWM,2024-08-20,242.98,251.97,242.63,251.91,39730903
TLT,2024-08-20,92.36,94.24,92.33,93.86,13732064
GLD,2024-08-20,207.07,207.80,206.83,206.94,6002362
SPY,2024-08-21,462.29,463.43,455.41,455.93,87974076
QQQ,2024-08-21,360.68,371.00,360.02,370.92,48570784
IWM,2024-08-21,254.44,255.73,237.19,239.98,33731671
TLT,2024-08-21,93.88,93.88,92.82,93.06,15778861
GLD,2024-08-21,206.65,208.33,206.62,207.79,5854677
SPY,2024-08-22,455.40,457.57,444.75,445.03,82191465
QQQ,2024-08-22,368.92,369.64,368.56,369.29,37282242
IWM,2024-08-22,239.82,239.92,234.27,234.66,30588366
TLT,2024-08-22,92.72,94.89,92.44,94.73,12972988
GLD,2024-08-22,208.62,210.10,208.39,210.06,8677140
SPY,2024-08-23,446.13,447.50,431.72,432.78,83050931
QQQ,2024-08-23,367.59,368.36,360.32,360.55,42192913
IWM,2024-08-23,234.55,235.24,225.96,227.09,40027070
TLT,2024-08-23,94.99,95.06,93.76,94.01,14225741
GLD,2024-08-23,210.21,211.14,208.98,209.55,7060561
SPY,2024-08-26,435.32,439.26,434.50,439.06,69999379
QQQ,2024-08-26,359.86,371.59,359.10,370.99,54953927
IWM,2024-08-26,226.51,227.22,224.26,225.17,49482554
TLT,2024-08-26,93.74,94.20,93.68,94.11,12522328
GLD,2024-08-26,209.30,209.81,208.00,208.47,8230776
SPY,2024-08-27,438.81,438.98,437.03,437.71,61145095
QQQ,2024-08-27,369.55,376.86,368.66,374.05,56506612
IWM,2024-08-27,224.64,231.51,224.48,230.08,30744691
TLT,2024-08-27,94.21,94.49,92.76,92.94,10411865
GLD,2024-08-27,207.83,210.00,207.80,209.88,8829179
SPY,2024-08-28,436.52,438.75,436.05,436.40,74132159
QQQ,2024-08-28,369.94,377.12,366.36,372.07,51565353
IWM,2024-08-28,228.77,240.51,228.36,240.01,12492285
TLT,2024-08-28,93.19,93.38,92.21,92.49,11580979
GLD,2024-08-28,209.90,210.31,207.19,208.76,8352557
SPY,2024-08-29,438.65,440.82,434.67,436.55,23442779
QQQ,2024-08-29,373.00,373.19,366.78,367.00,52455609
IWM,2024-08-29,239.52,244.68,239.45,243.06,35694096
TLT,2024-08-29,92.26,92.32,92.14,92.19,12968484
GLD,2024-08-29,208.17,211.11,208.00,210.32,5796091
SPY,2024-08-30,436.80,438.66,428.93,429.37,83505601
QQQ,2024-08-30,367.86,369.54,360.12,360.44,41400373
IWM,2024-08-30,242.88,243.71,237.96,240.54,23788402
TLT,2024-08-30,92.97,94.25,92.72,94.15,8706827
GLD,2024-08-30,210.08,210.71,207.97,208.69,7614311
SPY,2024-09-03,427.81,428.13,425.15,425.19,97493365
QQQ,2024-09-03,360.03,366.60,358.54,364.86,53842392
IWM,2024-09-03,241.85,242.02,231.63,232.23,34998448
TLT,2024-09-03,93.94,95.56,93.80,95.54,15089677
GLD,2024-09-03,208.55,208.93,206.09,206.23,6248091
SPY,2024-09-04,423.38,424.56,423.09,423.92,74334179
QQQ,2024-09-04,367.15,367.74,362.61,363.41,42720917
IWM,2024-09-04,231.78,232.20,228.57,229.46,33977059
TLT,2024-09-04,95.66,96.48,95.65,96.39,12416213
GLD,2024-09-04,205.77,205.92,204.48,204.70,9573278
SPY,2024-09-05,423.94,430.59,423.25,430.21,70496169
QQQ,2024-09-05,363.76,364.12,359.56,360.28,59947815
IWM,2024-09-05,228.24,231.25,227.79,230.81,25699597
TLT,2024-09-05,96.23,96.35,95.27,95.80,5669414
GLD,2024-09-05,204.41,204.49,203.15,203.72,4683256
SPY,2024-09-06,430.55,431.03,422.90,424.76,81307059
QQQ,2024-09-06,357.09,368.86,353.91,364.97,59729205
IWM,2024-09-06,229.13,229.48,227.47,227.57,28563919
TLT,2024-09-06,96.03,96.40,95.87,95.97,11235554
GLD,2024-09-06,204.33,206.95,203.43,206.48,8519994
SPY,2024-09-09,422.94,423.79,415.79,418.82,67180133
QQQ,2024-09-09,366.17,369.83,358.25,360.61,33836208
IWM,2024-09-09,227.71,231.72,225.56,230.17,42606969
TLT,2024-09-09,95.82,96.17,94.92,95.01,12653317
GLD,2024-09-09,206.72,206.89,204.96,205.50,5471113
SPY,2024-09-10,420.04,422.57,413.08,414.70,106262206
QQQ,2024-09-10,361.71,361.71,350.12,351.59,59923370
IWM,2024-09-10,231.10,231.31,226.05,226.51,21007636
TLT,2024-09-10,95.29,95.36,93.96,94.14,11759156
GLD,2024-09-10,205.54,206.12,205.30,205.76,7579030
SPY,2024-09-11,416.90,420.16,416.31,419.42,66371130
QQQ,2024-09-11,348.68,360.19,347.60,359.86,45922064
IWM,2024-09-11,224.98,230.17,224.44,229.82,35710794
TLT,2024-09-11,94.56,95.27,91.53,92.56,11379571
GLD,2024-09-11,206.65,206.68,204.73,204.95,8143078
SPY,2024-09-12,419.38,423.21,418.47,421.66,85276942
QQQ,2024-09-12,360.85,362.51,349.81,351.40,46487082
IWM,2024-09-12,230.38,232.30,227.42,228.44,35687073
TLT,2024-09-12,92.31,93.74,92.02,93.68,11575969
GLD,2024-09-12,204.69,204.86,204.44,204.76,7462110
SPY,2024-09-13,421.96,424.35,403.36,407.38,95864751
QQQ,2024-09-13,352.54,358.49,352.31,357.59,38059950
IWM,2024-09-13,229.39,229.61,223.50,223.64,27251569
TLT,2024-09-13,93.65,94.39,92.26,92.66,12591715
GLD,2024-09-13,205.58,205.72,203.34,203.37,5960774
SPY,2024-09-16,408.00,414.79,407.28,412.63,88097199
QQQ,2024-09-16,359.58,360.29,348.71,349.30,43515608
IWM,2024-09-16,224.29,226.36,224.22,225.66,39274225
TLT,2024-09-16,92.18,93.87,92.17,93.79,15718897
GLD,2024-09-16,203.46,203.63,199.91,200.17,10284781
SPY,2024-09-17,407.91,421.94,407.84,421.88,68301087
QQQ,2024-09-17,350.28,350.38,340.14,341.07,39486422
IWM,2024-09-17,226.21,226.61,220.76,221.01,45992852
TLT,2024-09-17,93.44,93.90,93.21,93.83,14969336
GLD,2024-09-17,200.70,203.19,200.50,203.11,4317747
SPY,2024-09-18,421.47,424.93,417.36,421.40,47448956
QQQ,2024-09-18,340.33,348.57,337.37,346.88,58439421
IWM,2024-09-18,222.16,222.33,214.70,216.35,37154140
TLT,2024-09-18,93.99,95.03,93.70,94.66,7991834
GLD,2024-09-18,203.12,204.15,203.07,203.99,7782333
SPY,2024-09-19,424.40,425.42,423.88,424.77,54688490
QQQ,2024-09-19,346.06,358.63,343.09,355.46,60012129
IWM,2024-09-19,213.87,221.64,212.08,220.11,28436137
TLT,2024-09-19,94.98,95.57,93.97,94.67,11582059
GLD,2024-09-19,204.05,206.64,203.90,205.97,8533832
SPY,2024-09-20,423.29,428.23,422.30,425.74,78413251
QQQ,2024-09-20,357.83,363.47,356.95,362.43,60482697
IWM,2024-09-20,221.53,224.73,220.48,223.90,34294997
TLT,2024-09-20,94.47,94.51,94.05,94.27,13704890
GLD,2024-09-20,206.61,207.92,206.07,207.60,6929283
SPY,2024-09-23,422.13,422.47,413.76,415.34,81002329
QQQ,2024-09-23,359.60,369.07,359.55,368.87,67698204
IWM,2024-09-23,221.61,222.98,220.71,222.09,43208360
TLT,2024-09-23,94.50,94.92,92.94,93.21,12953516
GLD,2024-09-23,207.68,208.37,207.42,207.48,8405927
SPY,2024-09-24,415.99,417.88,411.60,413.04,75728998
QQQ,2024-09-24,368.77,372.31,367.59,371.15,64941352
IWM,2024-09-24,221.41,221.73,218.63,218.72,22029113
TLT,2024-09-24,93.29,93.29,92.48,92.87,13457751
GLD,2024-09-24,207.55,208.83,206.87,208.44,6577191
SPY,2024-09-25,410.07,410.83,403.71,404.08,82030334
QQQ,2024-09-25,369.29,373.43,365.75,366.97,54194021
IWM,2024-09-25,218.06,220.99,217.84,220.36,36164198
TLT,2024-09-25,92.59,92.80,91.45,91.45,12797142
GLD,2024-09-25,209.04,213.06,208.87,211.84,6724415
SPY,2024-09-26,403.80,411.11,402.75,410.48,81915547
QQQ,2024-09-26,367.77,368.28,356.45,358.26,57845830
IWM,2024-09-26,219.98,220.63,216.67,216.84,40535355
TLT,2024-09-26,91.77,91.81,90.24,90.45,12060197
GLD,2024-09-26,212.28,215.48,211.56,214.25,8347115
SPY,2024-09-27,409.34,410.08,401.52,403.12,99814540
QQQ,2024-09-27,357.92,360.36,356.99,357.00,37818384
IWM,2024-09-27,217.61,217.62,211.90,212.57,40791104
TLT,2024-09-27,90.60,91.41,90.54,91.18,12448707
GLD,2024-09-27,214.60,215.21,211.13,211.50,4134603
SPY,2024-09-30,403.26,405.47,399.65,400.27,76265488
QQQ,2024-09-30,358.10,365.98,355.92,363.80,54415064
IWM,2024-09-30,212.28,215.15,212.22,214.51,43846193
TLT,2024-09-30,91.10,91.26,90.21,90.32,10090472
GLD,2024-09-30,211.00,211.91,210.52,211.87,7198434
SPY,2024-10-01,397.25,403.03,395.49,402.78,108984203
QQQ,2024-10-01,364.34,364.58,356.44,357.69,56642646
IWM,2024-10-01,214.39,214.54,213.63,214.22,45342546
TLT,2024-10-01,90.36,90.56,89.64,89.81,12841416
GLD,2024-10-01,212.60,213.96,209.15,209.30,7462314
SPY,2024-10-02,401.46,409.88,399.19,406.39,75280825
QQQ,2024-10-02,357.72,370.13,353.37,368.04,39901664
IWM,2024-10-02,213.91,216.73,212.57,212.66,42646717
TLT,2024-10-02,90.14,90.22,89.50,90.09,12557561
GLD,2024-10-02,208.74,210.31,208.72,210.26,7552883
SPY,2024-10-03,405.79,406.69,394.02,394.65,89872023
QQQ,2024-10-03,370.95,370.96,364.08,364.66,33496208
IWM,2024-10-03,211.16,215.73,210.10,214.36,40687142
TLT,2024-10-03,89.69,89.76,88.86,88.92,14475229
GLD,2024-10-03,210.93,211.08,210.56,210.73,5292453
SPY,2024-10-04,396.08,407.20,394.68,403.30,64736152
QQQ,2024-10-04,362.84,363.70,352.21,352.55,54641923
IWM,2024-10-04,214.22,215.15,210.04,213.23,35245270
TLT,2024-10-04,89.25,89.50,89.09,89.38,11581437
GLD,2024-10-04,210.32,210.82,209.71,210.75,7901732
SPY,2024-10-07,401.53,405.26,400.36,405.15,97539264
QQQ,2024-10-07,350.43,352.03,347.73,349.24,67128891
IWM,2024-10-07,215.21,216.43,210.63,211.21,35748645
TLT,2024-10-07,89.25,90.24,89.05,90.00,11082543
GLD,2024-10-07,209.96,210.10,208.18,208.71,12074046
SPY,2024-10-08,404.95,406.35,402.25,402.77,78511944
QQQ,2024-10-08,349.75,357.70,348.13,351.54,41874014
IWM,2024-10-08,212.43,213.32,208.00,208.59,39148423
TLT,2024-10-08,90.32,90.55,89.14,89.21,13641803
GLD,2024-10-08,208.86,209.46,203.63,203.81,7071567
SPY,2024-10-09,402.49,405.32,398.63,403.69,74873337
QQQ,2024-10-09,348.90,348.92,348.09,348.35,47886056
IWM,2024-10-09,209.10,210.97,208.58,210.24,36321617
TLT,2024-10-09,89.42,89.54,88.57,88.76,14144807
GLD,2024-10-09,204.18,204.61,202.96,202.97,8134225
SPY,2024-10-10,399.74,403.17,398.64,402.86,70486452
QQQ,2024-10-10,347.40,363.77,341.61,363.04,41317333
IWM,2024-10-10,210.79,211.30,205.12,205.49,29297657
TLT,2024-10-10,88.91,89.10,88.49,88.54,12443270
GLD,2024-10-10,202.41,202.64,201.41,201.51,9969585
SPY,2024-10-11,402.56,404.28,401.77,403.82,79221428
QQQ,2024-10-11,365.47,367.68,358.04,359.47,61730398
IWM,2024-10-11,204.93,211.16,203.70,210.72,50505387
TLT,2024-10-11,88.46,89.76,88.13,88.84,12655538
GLD,2024-10-11,202.07,202.20,199.86,200.16,7468546
SPY,2024-10-14,403.50,405.08,401.94,402.19,85897115
QQQ,2024-10-14,359.50,360.71,354.11,359.38,61944222
IWM,2024-10-14,211.38,211.40,206.47,207.10,37686507
TLT,2024-10-14,89.32,89.79,89.21,89.67,10238874
GLD,2024-10-14,199.94,200.08,198.34,198.35,10918403
SPY,2024-10-15,400.45,402.62,398.56,399.82,89259570
QQQ,2024-10-15,358.03,358.50,354.93,357.64,65112298
IWM,2024-10-15,205.26,210.20,204.47,209.39,29267389
TLT,2024-10-15,89.54,89.96,89.32,89.54,12433901
GLD,2024-10-15,198.55,199.07,198.40,198.93,9091981
SPY,2024-10-16,401.35,401.66,389.46,390.68,97698997
QQQ,2024-10-16,357.99,358.94,354.69,354.73,37474683
IWM,2024-10-16,208.04,214.37,206.38,213.82,33813036
TLT,2024-10-16,89.56,89.60,88.94,89.19,11735810
GLD,2024-10-16,198.98,199.33,197.11,197.37,8186618
SPY,2024-10-17,388.67,396.18,386.30,393.78,76835323
QQQ,2024-10-17,353.72,354.03,344.58,344.66,59502606
IWM,2024-10-17,213.45,214.21,206.09,206.84,21585531
TLT,2024-10-17,88.93,88.94,87.94,87.98,12671803
GLD,2024-10-17,197.61,198.00,196.01,196.27,8598913
SPY,2024-10-18,394.81,403.00,393.36,400.27,80217262
QQQ,2024-10-18,345.26,346.18,342.56,342.94,51830814
IWM,2024-10-18,207.21,207.26,204.97,206.88,39161046
TLT,2024-10-18,88.08,88.39,87.13,87.72,14506069
GLD,2024-10-18,195.81,200.60,195.42,200.35,7840060
SPY,2024-10-21,401.81,402.88,395.87,396.85,80982071
QQQ,2024-10-21,344.34,351.59,342.74,344.84,55648072
IWM,2024-10-21,206.63,209.11,205.81,208.28,30987777
TLT,2024-10-21,87.68,88.38,87.58,88.28,12165087
GLD,2024-10-21,200.54,201.56,199.64,201.29,10044636
SPY,2024-10-22,395.10,395.38,394.88,395.26,75457276
QQQ,2024-10-22,346.84,353.37,345.83,353.17,47246259
IWM,2024-10-22,207.77,209.90,207.40,209.66,33104656
TLT,2024-10-22,88.16,88.17,87.27,87.81,13335003
GLD,2024-10-22,201.44,202.38,201.33,202.21,11938990
SPY,2024-10-23,396.54,396.61,388.12,389.46,52514495
QQQ,2024-10-23,355.70,362.62,352.15,361.97,43049678
IWM,2024-10-23,209.03,210.03,206.73,208.41,36439980
TLT,2024-10-23,87.98,87.99,86.92,87.00,11987799
GLD,2024-10-23,202.38,204.61,202.17,204.41,8196100
SPY,2024-10-24,386.08,386.34,383.57,384.12,74811578
QQQ,2024-10-24,362.00,363.31,359.91,360.05,43524072
IWM,2024-10-24,207.42,208.09,205.44,206.44,18451172
TLT,2024-10-24,86.47,86.56,86.35,86.40,13392856
GLD,2024-10-24,204.84,205.18,202.89,203.01,7180888
SPY,2024-10-25,385.57,392.53,384.97,391.05,80606410
QQQ,2024-10-25,357.50,359.70,354.76,355.83,57247823
IWM,2024-10-25,203.81,203.87,202.87,203.39,30622597
TLT,2024-10-25,86.37,87.34,86.33,87.18,9700320
GLD,2024-10-25,203.40,205.63,203.26,205.52,8845410
SPY,2024-10-28,392.07,392.10,386.23,388.44,50630400
QQQ,2024-10-28,355.24,355.85,347.59,348.21,51097607
IWM,2024-10-28,203.86,204.46,196.73,197.15,31895207
TLT,2024-10-28,87.00,87.26,85.49,86.11,10079854
GLD,2024-10-28,206.01,208.50,206.00,207.83,6821141
SPY,2024-10-29,386.93,394.48,385.88,394.00,56956204
QQQ,2024-10-29,346.25,356.41,345.04,352.49,44157629
IWM,2024-10-29,198.68,199.88,197.66,198.51,38557326
TLT,2024-10-29,86.30,87.65,85.91,87.55,10820079
GLD,2024-10-29,207.19,207.55,206.38,206.60,9544091
SPY,2024-10-30,392.90,393.04,390.14,390.44,70783879
QQQ,2024-10-30,353.62,358.16,340.40,340.50,38790363
IWM,2024-10-30,198.06,202.32,197.00,202.19,26008267
TLT,2024-10-30,87.45,87.56,86.87,87.08,14958873
GLD,2024-10-30,207.16,207.23,205.92,206.04,8474687
SPY,2024-10-31,389.79,396.31,388.28,395.19,70301211
QQQ,2024-10-31,341.28,344.20,340.19,343.62,40042836
IWM,2024-10-31,202.75,202.89,200.45,200.98,39092060
TLT,2024-10-31,86.72,87.74,86.44,87.53,11520589
GLD,2024-10-31,206.69,207.20,205.07,206.14,5452499
SPY,2024-11-01,395.94,399.04,389.57,391.55,78580533
QQQ,2024-11-01,343.20,345.05,338.88,340.37,47415397
IWM,2024-11-01,200.29,208.45,199.99,208.12,44126008
TLT,2024-11-01,87.30,88.75,87.30,88.66,10239380
GLD,2024-11-01,206.28,206.58,205.22,205.28,7942243
SPY,2024-11-04,389.12,400.13,388.58,397.93,95355392
QQQ,2024-11-04,336.06,338.20,333.11,334.01,46027636
IWM,2024-11-04,209.45,209.54,201.89,202.14,26343620
TLT,2024-11-04,88.51,89.98,88.08,89.95,9797211
GLD,2024-11-04,205.39,209.88,204.84,209.68,5655990
SPY,2024-11-05,399.96,400.78,389.93,390.05,105103216
QQQ,2024-11-05,334.94,342.29,333.64,340.11,42876749
IWM,2024-11-05,201.01,207.74,200.68,206.21,42381191
TLT,2024-11-05,89.51,89.74,87.97,88.06,7191680
GLD,2024-11-05,208.73,211.85,208.70,211.25,5651146
SPY,2024-11-06,389.73,389.84,382.80,385.03,87369707
QQQ,2024-11-06,337.74,338.69,332.12,332.81,48385314
IWM,2024-11-06,203.61,207.67,203.21,207.53,24611053
TLT,2024-11-06,87.73,89.02,87.39,88.86,11826468
GLD,2024-11-06,211.72,212.74,209.63,209.84,9570114
SPY,2024-11-07,387.61,390.14,386.66,389.07,114332807
QQQ,2024-11-07,330.07,333.04,327.31,328.56,48924048
IWM,2024-11-07,206.96,207.53,206.70,206.99,40682276
TLT,2024-11-07,89.17,89.75,88.38,89.33,14137261
GLD,2024-11-07,210.09,210.12,207.04,207.20,9806508
SPY,2024-11-08,388.33,388.35,382.22,382.97,62995776
QQQ,2024-11-08,328.52,335.27,327.51,333.48,55035803
IWM,2024-11-08,205.39,210.13,204.75,209.23,42764903
TLT,2024-11-08,89.34,89.43,89.07,89.24,10533892
GLD,2024-11-08,207.16,207.65,204.36,204.54,8313768
SPY,2024-11-11,383.84,388.36,381.32,381.41,101150506
QQQ,2024-11-11,334.80,335.27,330.59,331.92,44202616
IWM,2024-11-11,209.82,211.60,206.05,206.75,34464534
TLT,2024-11-11,89.34,90.46,89.15,90.32,14690919
GLD,2024-11-11,204.76,205.45,204.47,205.18,9349112
SPY,2024-11-12,380.83,384.65,372.53,374.98,62348702
QQQ,2024-11-12,333.47,336.65,324.31,331.58,50491511
IWM,2024-11-12,205.77,207.72,204.22,204.92,36303274
TLT,2024-11-12,90.39,90.44,90.20,90.38,17491487
GLD,2024-11-12,204.64,205.35,204.42,205.11,8173169
SPY,2024-11-13,372.75,381.24,372.06,380.21,84099559
QQQ,2024-11-13,331.04,338.39,329.17,334.96,43213805
IWM,2024-11-13,204.71,209.27,204.51,208.93,36204174
TLT,2024-11-13,90.78,90.87,88.90,89.05,9821814
GLD,2024-11-13,204.38,204.55,201.11,201.35,9140544
SPY,2024-11-14,381.98,382.40,371.46,374.47,81543532
QQQ,2024-11-14,331.27,331.50,324.86,326.83,62514983
IWM,2024-11-14,210.30,210.54,207.76,207.84,37120599
TLT,2024-11-14,89.34,91.16,89.26,91.06,16692104
GLD,2024-11-14,201.54,201.65,200.59,200.62,6712029
SPY,2024-11-15,372.51,375.33,372.47,374.69,84780030
QQQ,2024-11-15,328.60,330.73,321.02,322.18,39568613
IWM,2024-11-15,207.98,208.79,200.66,201.00,35520948
TLT,2024-11-15,90.80,90.91,89.18,89.43,12551679
GLD,2024-11-15,200.71,201.10,198.84,199.43,6660225
SPY,2024-11-18,371.97,372.70,370.33,370.81,81272510
QQQ,2024-11-18,324.88,332.91,324.60,330.97,53812387
IWM,2024-11-18,201.79,202.01,201.02,201.44,40758573
TLT,2024-11-18,89.34,89.51,88.74,88.83,14665646
GLD,2024-11-18,199.65,201.47,199.15,201.22,9636243
SPY,2024-11-19,372.51,373.27,367.80,369.18,76052497
QQQ,2024-11-19,331.41,348.03,331.35,346.54,36390063
IWM,2024-11-19,201.10,203.01,201.09,202.55,38763867
TLT,2024-11-19,89.30,90.33,89.02,89.75,10344270
GLD,2024-11-19,200.23,200.50,197.15,197.68,6926553
SPY,2024-11-20,369.82,371.62,368.23,371.60,84232615
QQQ,2024-11-20,345.55,350.63,343.79,349.35,37590605
IWM,2024-11-20,202.21,202.75,198.43,198.54,35239221
TLT,2024-11-20,89.88,90.38,89.81,90.04,14026418
GLD,2024-11-20,196.77,197.00,195.89,195.92,8063277
SPY,2024-11-21,370.05,371.90,364.30,366.90,63236882
QQQ,2024-11-21,347.18,347.29,343.53,344.93,42556188
IWM,2024-11-21,196.96,197.18,195.07,196.06,29618760
TLT,2024-11-21,90.26,90.50,90.14,90.43,12467633
GLD,2024-11-21,195.74,197.99,195.67,197.49,8521761
SPY,2024-11-22,367.44,372.45,366.89,370.78,98401994
QQQ,2024-11-22,342.65,350.38,341.34,350.02,68321880
IWM,2024-11-22,195.90,197.74,194.02,194.64,22148748
TLT,2024-11-22,90.28,90.37,89.78,89.93,13021967
GLD,2024-11-22,196.02,200.22,195.97,199.85,9035177
SPY,2024-11-25,370.86,372.37,370.02,371.71,95961744
QQQ,2024-11-25,351.86,352.12,338.10,338.33,46585135
IWM,2024-11-25,195.35,195.48,194.92,195.09,38971491
TLT,2024-11-25,89.81,89.96,89.37,89.46,8713191
GLD,2024-11-25,199.60,201.76,199.41,201.64,9728710
SPY,2024-11-26,374.07,376.62,373.30,375.60,81968465
QQQ,2024-11-26,335.64,336.77,328.27,329.99,38918246
IWM,2024-11-26,196.18,197.41,195.88,196.48,38285447
TLT,2024-11-26,89.23,90.07,89.07,90.05,12796380
GLD,2024-11-26,202.09,202.34,200.14,200.16,6487380
SPY,2024-11-27,374.94,375.97,373.85,374.40,85281223
QQQ,2024-11-27,326.62,327.32,323.91,324.28,40892844
IWM,2024-11-27,196.57,198.51,195.91,198.27,40243468
TLT,2024-11-27,90.10,90.60,90.06,90.47,8479712
GLD,2024-11-27,199.25,199.46,197.54,197.77,6965327
SPY,2024-11-29,372.74,373.50,369.21,369.91,75494992
QQQ,2024-11-29,320.45,323.91,319.79,323.79,63624813
IWM,2024-11-29,198.60,199.55,195.69,195.97,25122462
TLT,2024-11-29,89.94,90.12,89.76,89.89,11790412
GLD,2024-11-29,197.63,198.90,196.81,198.29,11534425
SPY,2024-12-02,370.49,372.62,369.32,369.61,82038635
QQQ,2024-12-02,322.70,325.96,322.17,325.06,34082426
IWM,2024-12-02,195.93,197.88,195.58,197.54,33663878
TLT,2024-12-02,90.05,90.31,90.02,90.14,9372093
GLD,2024-12-02,198.19,203.13,197.50,201.56,6627568
SPY,2024-12-03,368.97,369.85,365.32,365.78,55256822
QQQ,2024-12-03,322.60,322.62,319.39,320.82,33831591
IWM,2024-12-03,198.76,199.38,194.55,194.69,32449826
TLT,2024-12-03,90.35,92.13,90.28,91.91,8846243
GLD,2024-12-03,201.22,201.46,200.70,201.22,8012371
SPY,2024-12-04,366.90,368.99,356.10,356.45,85140771
QQQ,2024-12-04,322.68,325.57,322.02,323.28,46204242
IWM,2024-12-04,195.72,196.73,195.20,195.57,44064998
TLT,2024-12-04,92.17,92.37,91.44,91.57,12346710
GLD,2024-12-04,202.43,203.05,197.39,197.44,9338964
SPY,2024-12-05,358.57,361.61,358.38,361.00,108899545
QQQ,2024-12-05,323.35,324.23,319.48,320.42,38420749
IWM,2024-12-05,195.78,197.21,193.51,193.83,25618628
TLT,2024-12-05,91.24,91.92,91.16,91.67,13421211
GLD,2024-12-05,197.16,197.75,196.25,196.33,9595745
SPY,2024-12-06,360.17,360.39,348.08,350.56,96696534
QQQ,2024-12-06,321.19,323.70,312.97,313.77,48076216
IWM,2024-12-06,193.61,193.89,191.86,192.00,30898445
TLT,2024-12-06,91.79,91.86,91.31,91.45,11410296
GLD,2024-12-06,196.44,199.65,195.79,199.47,5274511
SPY,2024-12-09,350.25,353.52,350.07,353.29,77352796
QQQ,2024-12-09,314.44,315.15,306.91,308.47,53437967
IWM,2024-12-09,192.44,193.27,192.11,192.99,38199121
TLT,2024-12-09,91.54,91.57,90.95,91.01,14226647
GLD,2024-12-09,199.06,200.34,198.57,200.17,10115038
SPY,2024-12-10,353.88,357.00,352.95,355.46,80236922
QQQ,2024-12-10,310.19,310.49,302.40,303.08,56342821
IWM,2024-12-10,193.36,193.75,187.97,191.16,32612938
TLT,2024-12-10,91.06,91.28,90.34,90.43,12555624
GLD,2024-12-10,199.90,201.50,197.80,199.43,8397128
SPY,2024-12-11,356.65,357.24,349.24,350.38,80112500
QQQ,2024-12-11,301.90,310.96,301.88,305.33,36586503
IWM,2024-12-11,190.54,192.45,189.46,191.68,28143443
TLT,2024-12-11,90.42,90.67,90.08,90.18,11027060
GLD,2024-12-11,199.02,200.13,198.71,200.05,8910862
SPY,2024-12-12,350.08,354.64,349.16,354.03,80297355
QQQ,2024-12-12,306.83,306.92,298.13,299.39,53380871
IWM,2024-12-12,191.82,197.58,191.81,196.42,43519516
TLT,2024-12-12,90.51,90.72,89.40,89.42,9026040
GLD,2024-12-12,199.29,201.11,199.22,200.72,6869971
SPY,2024-12-13,354.95,356.52,348.19,348.55,87780258
QQQ,2024-12-13,296.91,301.56,296.63,300.42,43347860
IWM,2024-12-13,196.01,197.92,195.93,197.24,37368316
TLT,2024-12-13,89.28,89.31,88.52,88.88,10729939
GLD,2024-12-13,200.62,202.39,200.15,201.89,10799779
SPY,2024-12-16,350.08,351.62,341.88,341.94,68909636
QQQ,2024-12-16,299.87,300.13,294.16,294.61,52645840
IWM,2024-12-16,198.47,199.40,196.91,197.05,38765017
TLT,2024-12-16,88.76,90.62,88.75,90.15,15075312
GLD,2024-12-16,202.26,202.43,197.78,197.85,9578686
SPY,2024-12-17,341.66,344.39,338.71,340.40,83158373
QQQ,2024-12-17,291.32,295.49,290.38,295.33,49034936
IWM,2024-12-17,198.12,198.45,196.40,197.21,36817266
TLT,2024-12-17,90.11,91.12,90.05,91.12,10745073
GLD,2024-12-17,196.88,200.27,196.62,200.22,6767134
SPY,2024-12-18,341.21,341.24,338.46,338.94,93580171
QQQ,2024-12-18,297.91,299.12,294.52,297.02,38399137
IWM,2024-12-18,196.33,196.42,194.31,194.34,29741706
TLT,2024-12-18,91.54,92.94,91.46,92.77,12725562
GLD,2024-12-18,200.08,200.55,199.63,199.82,7471996
SPY,2024-12-19,339.11,342.26,339.00,340.28,78029343
QQQ,2024-12-19,298.92,300.34,288.69,290.01,66151812
IWM,2024-12-19,194.05,194.50,191.49,192.32,40661261
TLT,2024-12-19,92.98,94.49,92.88,94.30,11900926
GLD,2024-12-19,199.44,201.92,199.37,201.76,7459269
SPY,2024-12-20,341.49,341.53,337.20,338.73,100770581
QQQ,2024-12-20,289.49,290.12,284.08,284.14,50935051
IWM,2024-12-20,191.61,192.24,188.39,188.41,39626248
TLT,2024-12-20,94.48,94.80,93.53,93.56,9859585
GLD,2024-12-20,201.03,201.61,200.01,200.44,4379142
SPY,2024-12-23,338.10,338.46,331.78,333.89,87995475
QQQ,2024-12-23,284.42,287.76,284.09,287.70,44738309
IWM,2024-12-23,189.19,189.47,186.86,186.91,30263530
TLT,2024-12-23,94.34,94.77,94.31,94.72,13490164
GLD,2024-12-23,199.64,201.74,199.58,201.49,8106989
SPY,2024-12-24,334.60,335.08,333.13,334.79,70547933
QQQ,2024-12-24,289.58,290.51,285.94,286.70,51978577
IWM,2024-12-24,187.99,188.29,183.02,183.15,35788410
TLT,2024-12-24,95.45,96.79,94.80,96.47,11928187
GLD,2024-12-24,201.35,202.44,201.14,202.03,8558812
SPY,2024-12-26,332.11,340.01,332.10,338.55,84918056
QQQ,2024-12-26,286.03,286.34,283.04,284.29,66831378
IWM,2024-12-26,184.53,187.45,183.91,184.92,31846932
TLT,2024-12-26,96.63,97.80,96.48,97.45,12028390
GLD,2024-12-26,201.42,201.42,199.26,199.47,9393302
SPY,2024-12-27,336.73,336.86,335.36,336.45,98644908
QQQ,2024-12-27,284.49,284.83,280.81,281.15,42392913
IWM,2024-12-27,186.67,187.44,182.51,182.84,31428194
TLT,2024-12-27,97.20,97.35,97.08,97.32,10648148
GLD,2024-12-27,199.08,199.78,197.71,198.16,7357942
SPY,2024-12-30,336.62,341.07,336.46,340.17,85137302
QQQ,2024-12-30,279.63,285.42,275.96,284.57,53135262
IWM,2024-12-30,183.02,183.74,182.89,183.55,40222648
TLT,2024-12-30,96.91,98.12,96.29,97.94,16009843
GLD,2024-12-30,198.22,198.26,197.83,198.19,10831653
SPY,2024-12-31,338.95,342.36,338.27,341.13,61112480
QQQ,2024-12-31,285.49,287.25,285.04,285.73,66455921
IWM,2024-12-31,183.72,183.80,178.39,180.11,22959708
TLT,2024-12-31,98.13,98.70,98.09,98.38,10441227
GLD,2024-12-31,198.40,198.59,195.98,196.08,8209192
